Case_ID,Activity_Name,Timestamp,Event_Order
P001,Registration,2026-01-25 09:14:00,1
P001,Triage,2026-01-25 09:33:00,2
P001,Doctor Consultation,2026-01-25 09:46:00,3
P001,X-Ray,2026-01-25 09:57:00,4
P001,Triage,2026-01-25 10:36:00,5
P001,Lab Test,2026-01-25 10:46:00,6
P001,Doctor Review,2026-01-25 11:28:00,7
P001,Pharmacy,2026-01-25 12:00:00,8
P001,Discharge,2026-01-25 12:07:00,9
P002,Registration,2026-01-07 09:27:00,1
P002,Triage,2026-01-07 10:07:00,2
P002,Doctor Consultation,2026-01-07 10:24:00,3
P002,X-Ray,2026-01-07 11:03:00,4
P002,Triage,2026-01-07 11:34:00,5
P002,Lab Test,2026-01-07 11:53:00,6
P002,Doctor Review,2026-01-07 12:26:00,7
P002,Pharmacy,2026-01-07 13:08:00,8
P002,Discharge,2026-01-07 13:30:00,9
P003,Registration,2026-01-10 10:29:00,1
P003,Triage,2026-01-10 10:47:00,2
P003,Doctor Consultation,2026-01-10 11:13:00,3
P003,X-Ray,2026-01-10 11:24:00,4
P003,Lab Test,2026-01-10 11:34:00,5
P003,Doctor Review,2026-01-10 12:03:00,6
P003,Pharmacy,2026-01-10 12:14:00,7
P003,Discharge,2026-01-10 12:41:00,8
P004,Registration,2026-01-24 09:33:00,1
P004,Triage,2026-01-24 10:12:00,2
P004,Doctor Consultation,2026-01-24 10:24:00,3
P004,X-Ray,2026-01-24 10:53:00,4
P004,Lab Test,2026-01-24 11:03:00,5
P004,Doctor Review,2026-01-24 11:43:00,6
P004,Pharmacy,2026-01-24 12:06:00,7
P004,Discharge,2026-01-24 12:51:00,8
P005,Registration,2026-01-16 10:13:00,1
P005,Triage,2026-01-16 10:32:00,2
P005,Doctor Consultation,2026-01-16 10:55:00,3
P005,X-Ray,2026-01-16 11:05:00,4
P005,Triage,2026-01-16 11:24:00,5
P005,Doctor Consultation,2026-01-16 11:35:00,6
P005,Lab Test,2026-01-16 12:04:00,7
P005,Doctor Review,2026-01-16 12:26:00,8
P005,Pharmacy,2026-01-16 13:00:00,9
P005,Discharge,2026-01-16 13:45:00,10
P006,Registration,2026-01-10 09:47:00,1
P006,Triage,2026-01-10 09:56:00,2
P006,Doctor Consultation,2026-01-10 10:39:00,3
P006,X-Ray,2026-01-10 11:24:00,4
P006,Lab Test,2026-01-10 11:39:00,5
P006,Doctor Review,2026-01-10 12:18:00,6
P006,Pharmacy,2026-01-10 12:38:00,7
P006,Discharge,2026-01-10 12:53:00,8
P007,Registration,2026-01-17 09:34:00,1
P007,Triage,2026-01-17 10:14:00,2
P007,Doctor Consultation,2026-01-17 10:33:00,3
P007,X-Ray,2026-01-17 10:58:00,4
P007,Lab Test,2026-01-17 11:06:00,5
P007,Doctor Review,2026-01-17 11:25:00,6
P007,Pharmacy,2026-01-17 11:32:00,7
P007,Discharge,2026-01-17 11:57:00,8
P008,Registration,2026-01-13 09:08:00,1
P008,Triage,2026-01-13 09:33:00,2
P008,Doctor Consultation,2026-01-13 09:51:00,3
P008,X-Ray,2026-01-13 10:27:00,4
P008,Triage,2026-01-13 10:57:00,5
P008,Lab Test,2026-01-13 11:31:00,6
P008,Doctor Review,2026-01-13 11:45:00,7
P008,Pharmacy,2026-01-13 12:06:00,8
P008,Discharge,2026-01-13 12:19:00,9
P009,Registration,2026-01-22 10:08:00,1
P009,Triage,2026-01-22 10:50:00,2
P009,Doctor Consultation,2026-01-22 11:20:00,3
P009,X-Ray,2026-01-22 11:48:00,4
P009,Lab Test,2026-01-22 12:07:00,5
P009,Doctor Review,2026-01-22 12:20:00,6
P009,Pharmacy,2026-01-22 12:57:00,7
P009,Discharge,2026-01-22 13:33:00,8
P010,Registration,2026-01-06 10:50:00,1
P010,Triage,2026-01-06 11:22:00,2
P010,Doctor Consultation,2026-01-06 12:05:00,3
P010,X-Ray,2026-01-06 12:14:00,4
P010,Triage,2026-01-06 12:43:00,5
P010,Lab Test,2026-01-06 13:12:00,6
P010,Doctor Review,2026-01-06 13:55:00,7
P010,Pharmacy,2026-01-06 14:29:00,8
P010,Discharge,2026-01-06 15:07:00,9
P011,Registration,2026-01-22 10:50:00,1
P011,Triage,2026-01-22 11:02:00,2
P011,Doctor Consultation,2026-01-22 11:41:00,3
P011,X-Ray,2026-01-22 12:03:00,4
P011,Lab Test,2026-01-22 12:29:00,5
P011,Doctor Review,2026-01-22 12:41:00,6
P011,Pharmacy,2026-01-22 13:04:00,7
P011,Discharge,2026-01-22 13:36:00,8
P012,Registration,2026-01-19 09:00:00,1
P012,Triage,2026-01-19 09:21:00,2
P012,Doctor Consultation,2026-01-19 09:58:00,3
P012,X-Ray,2026-01-19 10:14:00,4
P012,Lab Test,2026-01-19 10:51:00,5
P012,Doctor Review,2026-01-19 11:02:00,6
P012,Pharmacy,2026-01-19 11:47:00,7
P012,Discharge,2026-01-19 12:11:00,8
P013,Registration,2026-01-21 10:17:00,1
P013,Triage,2026-01-21 10:32:00,2
P013,Doctor Consultation,2026-01-21 11:11:00,3
P013,X-Ray,2026-01-21 11:49:00,4
P013,Triage,2026-01-21 11:54:00,5
P013,Lab Test,2026-01-21 12:37:00,6
P013,Doctor Review,2026-01-21 13:02:00,7
P013,Pharmacy,2026-01-21 13:38:00,8
P013,Discharge,2026-01-21 13:44:00,9
P014,Registration,2026-01-16 10:52:00,1
P014,Triage,2026-01-16 11:12:00,2
P014,Doctor Consultation,2026-01-16 11:20:00,3
P014,X-Ray,2026-01-16 11:40:00,4
P014,Lab Test,2026-01-16 12:21:00,5
P014,Doctor Review,2026-01-16 12:31:00,6
P014,Pharmacy,2026-01-16 12:41:00,7
P014,Discharge,2026-01-16 13:17:00,8
P015,Registration,2026-01-22 10:38:00,1
P015,Triage,2026-01-22 11:18:00,2
P015,Doctor Consultation,2026-01-22 11:33:00,3
P015,X-Ray,2026-01-22 11:54:00,4
P015,Triage,2026-01-22 12:32:00,5
P015,Lab Test,2026-01-22 13:15:00,6
P015,Doctor Review,2026-01-22 13:47:00,7
P015,Pharmacy,2026-01-22 14:05:00,8
P015,Discharge,2026-01-22 14:44:00,9
P016,Registration,2026-01-14 09:51:00,1
P016,Triage,2026-01-14 10:24:00,2
P016,Doctor Consultation,2026-01-14 11:02:00,3
P016,X-Ray,2026-01-14 11:35:00,4
P016,Lab Test,2026-01-14 11:47:00,5
P016,Doctor Review,2026-01-14 12:07:00,6
P016,Pharmacy,2026-01-14 12:26:00,7
P016,Discharge,2026-01-14 12:35:00,8
P017,Registration,2026-01-05 10:15:00,1
P017,Triage,2026-01-05 10:20:00,2
P017,Doctor Consultation,2026-01-05 10:29:00,3
P017,X-Ray,2026-01-05 11:14:00,4
P017,Lab Test,2026-01-05 11:22:00,5
P017,Doctor Review,2026-01-05 11:41:00,6
P017,Pharmacy,2026-01-05 11:50:00,7
P017,Discharge,2026-01-05 11:57:00,8
P018,Registration,2026-01-07 10:05:00,1
P018,Triage,2026-01-07 10:23:00,2
P018,Doctor Consultation,2026-01-07 11:02:00,3
P018,X-Ray,2026-01-07 11:15:00,4
P018,Triage,2026-01-07 11:56:00,5
P018,Lab Test,2026-01-07 12:37:00,6
P018,Doctor Review,2026-01-07 13:12:00,7
P018,Pharmacy,2026-01-07 13:32:00,8
P018,Discharge,2026-01-07 14:07:00,9
P019,Registration,2026-01-11 09:12:00,1
P019,Triage,2026-01-11 09:44:00,2
P019,Doctor Consultation,2026-01-11 10:15:00,3
P019,X-Ray,2026-01-11 10:49:00,4
P019,Triage,2026-01-11 10:57:00,5
P019,Lab Test,2026-01-11 11:08:00,6
P019,Doctor Review,2026-01-11 11:16:00,7
P019,Pharmacy,2026-01-11 11:46:00,8
P019,Discharge,2026-01-11 12:12:00,9
P020,Registration,2026-01-12 09:24:00,1
P020,Triage,2026-01-12 09:56:00,2
P020,Doctor Consultation,2026-01-12 10:12:00,3
P020,X-Ray,2026-01-12 10:34:00,4
P020,Triage,2026-01-12 11:08:00,5
P020,Lab Test,2026-01-12 11:28:00,6
P020,Doctor Review,2026-01-12 11:37:00,7
P020,Pharmacy,2026-01-12 12:10:00,8
P020,Discharge,2026-01-12 12:50:00,9
P021,Registration,2026-01-06 10:23:00,1
P021,Triage,2026-01-06 10:33:00,2
P021,Doctor Consultation,2026-01-06 10:53:00,3
P021,X-Ray,2026-01-06 11:08:00,4
P021,Lab Test,2026-01-06 11:39:00,5
P021,Doctor Review,2026-01-06 12:15:00,6
P021,Pharmacy,2026-01-06 12:50:00,7
P021,Discharge,2026-01-06 13:08:00,8
P022,Registration,2026-01-06 09:21:00,1
P022,Triage,2026-01-06 09:42:00,2
P022,Doctor Consultation,2026-01-06 10:16:00,3
P022,X-Ray,2026-01-06 10:39:00,4
P022,Lab Test,2026-01-06 11:11:00,5
P022,Doctor Review,2026-01-06 11:51:00,6
P022,Pharmacy,2026-01-06 12:27:00,7
P022,Discharge,2026-01-06 12:41:00,8
P023,Registration,2026-01-14 09:27:00,1
P023,Triage,2026-01-14 10:06:00,2
P023,Doctor Consultation,2026-01-14 10:14:00,3
P023,X-Ray,2026-01-14 10:39:00,4
P023,Lab Test,2026-01-14 10:47:00,5
P023,Doctor Review,2026-01-14 10:55:00,6
P023,Pharmacy,2026-01-14 11:37:00,7
P023,Discharge,2026-01-14 12:12:00,8
P024,Registration,2026-01-21 09:20:00,1
P024,Triage,2026-01-21 09:36:00,2
P024,Doctor Consultation,2026-01-21 09:45:00,3
P024,X-Ray,2026-01-21 10:28:00,4
P024,Triage,2026-01-21 10:37:00,5
P024,Lab Test,2026-01-21 10:57:00,6
P024,Doctor Review,2026-01-21 11:27:00,7
P024,Pharmacy,2026-01-21 11:39:00,8
P024,Discharge,2026-01-21 12:20:00,9
P025,Registration,2026-01-23 10:16:00,1
P025,Triage,2026-01-23 10:58:00,2
P025,Doctor Consultation,2026-01-23 11:39:00,3
P025,X-Ray,2026-01-23 12:17:00,4
P025,Triage,2026-01-23 12:42:00,5
P025,Doctor Consultation,2026-01-23 13:03:00,6
P025,Lab Test,2026-01-23 13:21:00,7
P025,Doctor Review,2026-01-23 13:46:00,8
P025,Pharmacy,2026-01-23 14:06:00,9
P025,Discharge,2026-01-23 14:27:00,10
P026,Registration,2026-01-09 10:25:00,1
P026,Triage,2026-01-09 10:34:00,2
P026,Doctor Consultation,2026-01-09 10:39:00,3
P026,X-Ray,2026-01-09 11:13:00,4
P026,Lab Test,2026-01-09 11:57:00,5
P026,Doctor Review,2026-01-09 12:38:00,6
P026,Pharmacy,2026-01-09 12:49:00,7
P026,Discharge,2026-01-09 12:58:00,8
P027,Registration,2026-01-11 10:04:00,1
P027,Triage,2026-01-11 10:13:00,2
P027,Doctor Consultation,2026-01-11 10:33:00,3
P027,X-Ray,2026-01-11 11:01:00,4
P027,Lab Test,2026-01-11 11:24:00,5
P027,Doctor Review,2026-01-11 11:39:00,6
P027,Pharmacy,2026-01-11 12:12:00,7
P027,Discharge,2026-01-11 12:51:00,8
P028,Registration,2026-01-24 10:43:00,1
P028,Triage,2026-01-24 11:23:00,2
P028,Doctor Consultation,2026-01-24 11:47:00,3
P028,X-Ray,2026-01-24 11:58:00,4
P028,Lab Test,2026-01-24 12:11:00,5
P028,Doctor Consultation,2026-01-24 12:32:00,6
P028,Doctor Review,2026-01-24 12:44:00,7
P028,Pharmacy,2026-01-24 12:55:00,8
P028,Discharge,2026-01-24 13:35:00,9
P029,Registration,2026-01-13 09:36:00,1
P029,Triage,2026-01-13 09:54:00,2
P029,Doctor Consultation,2026-01-13 10:39:00,3
P029,X-Ray,2026-01-13 11:00:00,4
P029,Lab Test,2026-01-13 11:37:00,5
P029,Doctor Review,2026-01-13 12:13:00,6
P029,Pharmacy,2026-01-13 12:34:00,7
P029,Discharge,2026-01-13 12:42:00,8
P030,Registration,2026-01-25 09:54:00,1
P030,Triage,2026-01-25 10:20:00,2
P030,Doctor Consultation,2026-01-25 10:33:00,3
P030,X-Ray,2026-01-25 11:18:00,4
P030,Lab Test,2026-01-25 11:39:00,5
P030,Doctor Consultation,2026-01-25 11:54:00,6
P030,Doctor Review,2026-01-25 12:27:00,7
P030,Pharmacy,2026-01-25 13:07:00,8
P030,Discharge,2026-01-25 13:39:00,9
P031,Registration,2026-01-05 09:14:00,1
P031,Triage,2026-01-05 09:28:00,2
P031,Doctor Consultation,2026-01-05 10:07:00,3
P031,X-Ray,2026-01-05 10:14:00,4
P031,Triage,2026-01-05 10:42:00,5
P031,Lab Test,2026-01-05 11:24:00,6
P031,Doctor Review,2026-01-05 12:04:00,7
P031,Pharmacy,2026-01-05 12:18:00,8
P031,Discharge,2026-01-05 12:50:00,9
P032,Registration,2026-01-06 09:39:00,1
P032,Triage,2026-01-06 09:46:00,2
P032,Doctor Consultation,2026-01-06 10:13:00,3
P032,X-Ray,2026-01-06 10:31:00,4
P032,Lab Test,2026-01-06 10:51:00,5
P032,Doctor Review,2026-01-06 11:02:00,6
P032,Pharmacy,2026-01-06 11:29:00,7
P032,Discharge,2026-01-06 12:09:00,8
P033,Registration,2026-01-24 10:35:00,1
P033,Triage,2026-01-24 10:50:00,2
P033,Doctor Consultation,2026-01-24 11:06:00,3
P033,X-Ray,2026-01-24 11:37:00,4
P033,Triage,2026-01-24 11:43:00,5
P033,Lab Test,2026-01-24 11:59:00,6
P033,Doctor Review,2026-01-24 12:25:00,7
P033,Pharmacy,2026-01-24 12:56:00,8
P033,Discharge,2026-01-24 13:16:00,9
P034,Registration,2026-01-10 10:40:00,1
P034,Triage,2026-01-10 10:47:00,2
P034,Doctor Consultation,2026-01-10 11:22:00,3
P034,X-Ray,2026-01-10 11:41:00,4
P034,Lab Test,2026-01-10 11:58:00,5
P034,Doctor Review,2026-01-10 12:32:00,6
P034,Pharmacy,2026-01-10 12:59:00,7
P034,Discharge,2026-01-10 13:23:00,8
P035,Registration,2026-01-12 09:03:00,1
P035,Triage,2026-01-12 09:25:00,2
P035,Doctor Consultation,2026-01-12 09:34:00,3
P035,X-Ray,2026-01-12 09:56:00,4
P035,Lab Test,2026-01-12 10:23:00,5
P035,Doctor Review,2026-01-12 11:00:00,6
P035,Pharmacy,2026-01-12 11:30:00,7
P035,Discharge,2026-01-12 12:09:00,8
P036,Registration,2026-01-05 09:14:00,1
P036,Triage,2026-01-05 09:56:00,2
P036,Doctor Consultation,2026-01-05 10:17:00,3
P036,X-Ray,2026-01-05 10:24:00,4
P036,Lab Test,2026-01-05 10:35:00,5
P036,Doctor Review,2026-01-05 11:18:00,6
P036,Pharmacy,2026-01-05 11:50:00,7
P036,Discharge,2026-01-05 12:17:00,8
P037,Registration,2026-01-18 10:17:00,1
P037,Triage,2026-01-18 10:58:00,2
P037,Doctor Consultation,2026-01-18 11:15:00,3
P037,X-Ray,2026-01-18 11:36:00,4
P037,Lab Test,2026-01-18 11:43:00,5
P037,Doctor Consultation,2026-01-18 12:15:00,6
P037,Doctor Review,2026-01-18 12:20:00,7
P037,Pharmacy,2026-01-18 12:58:00,8
P037,Discharge,2026-01-18 13:37:00,9
P038,Registration,2026-01-16 09:55:00,1
P038,Triage,2026-01-16 10:21:00,2
P038,Doctor Consultation,2026-01-16 11:05:00,3
P038,X-Ray,2026-01-16 11:30:00,4
P038,Triage,2026-01-16 11:42:00,5
P038,Lab Test,2026-01-16 12:06:00,6
P038,Doctor Review,2026-01-16 12:43:00,7
P038,Pharmacy,2026-01-16 13:07:00,8
P038,Discharge,2026-01-16 13:38:00,9
P039,Registration,2026-01-17 10:29:00,1
P039,Triage,2026-01-17 11:00:00,2
P039,Doctor Consultation,2026-01-17 11:29:00,3
P039,X-Ray,2026-01-17 11:45:00,4
P039,Lab Test,2026-01-17 12:29:00,5
P039,Doctor Consultation,2026-01-17 13:10:00,6
P039,Doctor Review,2026-01-17 13:34:00,7
P039,Pharmacy,2026-01-17 14:04:00,8
P039,Discharge,2026-01-17 14:44:00,9
P040,Registration,2026-01-14 09:36:00,1
P040,Triage,2026-01-14 10:19:00,2
P040,Doctor Consultation,2026-01-14 10:44:00,3
P040,X-Ray,2026-01-14 11:18:00,4
P040,Triage,2026-01-14 11:51:00,5
P040,Lab Test,2026-01-14 12:24:00,6
P040,Doctor Review,2026-01-14 12:42:00,7
P040,Pharmacy,2026-01-14 13:19:00,8
P040,Discharge,2026-01-14 13:54:00,9
P041,Registration,2026-01-07 09:36:00,1
P041,Triage,2026-01-07 10:02:00,2
P041,Doctor Consultation,2026-01-07 10:12:00,3
P041,X-Ray,2026-01-07 10:32:00,4
P041,Lab Test,2026-01-07 10:56:00,5
P041,Doctor Review,2026-01-07 11:15:00,6
P041,Pharmacy,2026-01-07 11:32:00,7
P041,Discharge,2026-01-07 11:46:00,8
P042,Registration,2026-01-06 09:31:00,1
P042,Triage,2026-01-06 09:40:00,2
P042,Doctor Consultation,2026-01-06 10:14:00,3
P042,X-Ray,2026-01-06 10:45:00,4
P042,Lab Test,2026-01-06 11:30:00,5
P042,Doctor Review,2026-01-06 12:11:00,6
P042,Pharmacy,2026-01-06 12:28:00,7
P042,Discharge,2026-01-06 12:57:00,8
P043,Registration,2026-01-17 09:31:00,1
P043,Triage,2026-01-17 09:42:00,2
P043,Doctor Consultation,2026-01-17 10:14:00,3
P043,X-Ray,2026-01-17 10:33:00,4
P043,Triage,2026-01-17 10:49:00,5
P043,Lab Test,2026-01-17 11:27:00,6
P043,Doctor Review,2026-01-17 12:01:00,7
P043,Pharmacy,2026-01-17 12:09:00,8
P043,Discharge,2026-01-17 12:49:00,9
P044,Registration,2026-01-08 09:58:00,1
P044,Triage,2026-01-08 10:36:00,2
P044,Doctor Consultation,2026-01-08 11:16:00,3
P044,X-Ray,2026-01-08 11:59:00,4
P044,Triage,2026-01-08 12:24:00,5
P044,Lab Test,2026-01-08 12:57:00,6
P044,Doctor Review,2026-01-08 13:41:00,7
P044,Pharmacy,2026-01-08 14:18:00,8
P044,Discharge,2026-01-08 14:50:00,9
P045,Registration,2026-01-19 10:54:00,1
P045,Triage,2026-01-19 11:27:00,2
P045,Doctor Consultation,2026-01-19 11:48:00,3
P045,X-Ray,2026-01-19 12:08:00,4
P045,Triage,2026-01-19 12:53:00,5
P045,Lab Test,2026-01-19 13:15:00,6
P045,Doctor Review,2026-01-19 13:53:00,7
P045,Pharmacy,2026-01-19 14:29:00,8
P045,Discharge,2026-01-19 15:14:00,9
P046,Registration,2026-01-13 09:56:00,1
P046,Triage,2026-01-13 10:18:00,2
P046,Doctor Consultation,2026-01-13 10:44:00,3
P046,X-Ray,2026-01-13 11:09:00,4
P046,Triage,2026-01-13 11:48:00,5
P046,Lab Test,2026-01-13 11:58:00,6
P046,Doctor Review,2026-01-13 12:11:00,7
P046,Pharmacy,2026-01-13 12:25:00,8
P046,Discharge,2026-01-13 12:44:00,9
P047,Registration,2026-01-09 10:30:00,1
P047,Triage,2026-01-09 10:56:00,2
P047,Doctor Consultation,2026-01-09 11:35:00,3
P047,X-Ray,2026-01-09 12:09:00,4
P047,Triage,2026-01-09 12:40:00,5
P047,Lab Test,2026-01-09 12:48:00,6
P047,Doctor Review,2026-01-09 13:06:00,7
P047,Pharmacy,2026-01-09 13:37:00,8
P047,Discharge,2026-01-09 14:06:00,9
P048,Registration,2026-01-05 10:49:00,1
P048,Triage,2026-01-05 11:24:00,2
P048,Doctor Consultation,2026-01-05 11:29:00,3
P048,X-Ray,2026-01-05 11:56:00,4
P048,Lab Test,2026-01-05 12:20:00,5
P048,Doctor Review,2026-01-05 12:49:00,6
P048,Pharmacy,2026-01-05 13:20:00,7
P048,Discharge,2026-01-05 13:59:00,8
P049,Registration,2026-01-24 10:54:00,1
P049,Triage,2026-01-24 11:26:00,2
P049,Doctor Consultation,2026-01-24 12:02:00,3
P049,X-Ray,2026-01-24 12:08:00,4
P049,Triage,2026-01-24 12:37:00,5
P049,Lab Test,2026-01-24 13:03:00,6
P049,Doctor Review,2026-01-24 13:33:00,7
P049,Pharmacy,2026-01-24 13:48:00,8
P049,Discharge,2026-01-24 14:22:00,9
P050,Registration,2026-01-24 10:08:00,1
P050,Triage,2026-01-24 10:49:00,2
P050,Doctor Consultation,2026-01-24 10:55:00,3
P050,X-Ray,2026-01-24 11:05:00,4
P050,Triage,2026-01-24 11:37:00,5
P050,Lab Test,2026-01-24 11:50:00,6
P050,Doctor Review,2026-01-24 12:24:00,7
P050,Pharmacy,2026-01-24 12:40:00,8
P050,Discharge,2026-01-24 12:48:00,9
P051,Registration,2026-01-17 09:41:00,1
P051,Triage,2026-01-17 10:10:00,2
P051,Doctor Consultation,2026-01-17 10:32:00,3
P051,X-Ray,2026-01-17 11:03:00,4
P051,Triage,2026-01-17 11:24:00,5
P051,Lab Test,2026-01-17 11:34:00,6
P051,Doctor Review,2026-01-17 12:09:00,7
P051,Pharmacy,2026-01-17 12:15:00,8
P051,Discharge,2026-01-17 12:54:00,9
P052,Registration,2026-01-16 09:28:00,1
P052,Triage,2026-01-16 09:35:00,2
P052,Doctor Consultation,2026-01-16 09:41:00,3
P052,X-Ray,2026-01-16 10:01:00,4
P052,Lab Test,2026-01-16 10:18:00,5
P052,Doctor Review,2026-01-16 10:24:00,6
P052,Pharmacy,2026-01-16 11:08:00,7
P052,Discharge,2026-01-16 11:22:00,8
P053,Registration,2026-01-09 10:00:00,1
P053,Triage,2026-01-09 10:18:00,2
P053,Doctor Consultation,2026-01-09 10:52:00,3
P053,X-Ray,2026-01-09 11:13:00,4
P053,Lab Test,2026-01-09 11:41:00,5
P053,Doctor Review,2026-01-09 11:56:00,6
P053,Pharmacy,2026-01-09 12:39:00,7
P053,Discharge,2026-01-09 13:22:00,8
P054,Registration,2026-01-10 09:39:00,1
P054,Triage,2026-01-10 10:03:00,2
P054,Doctor Consultation,2026-01-10 10:44:00,3
P054,X-Ray,2026-01-10 11:13:00,4
P054,Triage,2026-01-10 11:43:00,5
P054,Doctor Consultation,2026-01-10 12:00:00,6
P054,Lab Test,2026-01-10 12:09:00,7
P054,Doctor Review,2026-01-10 12:51:00,8
P054,Pharmacy,2026-01-10 13:36:00,9
P054,Discharge,2026-01-10 13:56:00,10
P055,Registration,2026-01-14 10:48:00,1
P055,Triage,2026-01-14 11:29:00,2
P055,Doctor Consultation,2026-01-14 11:36:00,3
P055,X-Ray,2026-01-14 12:03:00,4
P055,Lab Test,2026-01-14 12:42:00,5
P055,Doctor Review,2026-01-14 13:14:00,6
P055,Pharmacy,2026-01-14 13:42:00,7
P055,Discharge,2026-01-14 13:51:00,8
P056,Registration,2026-01-25 09:43:00,1
P056,Triage,2026-01-25 10:19:00,2
P056,Doctor Consultation,2026-01-25 10:30:00,3
P056,X-Ray,2026-01-25 11:02:00,4
P056,Triage,2026-01-25 11:30:00,5
P056,Lab Test,2026-01-25 12:15:00,6
P056,Doctor Review,2026-01-25 12:49:00,7
P056,Pharmacy,2026-01-25 13:03:00,8
P056,Discharge,2026-01-25 13:35:00,9
P057,Registration,2026-01-21 10:23:00,1
P057,Triage,2026-01-21 11:02:00,2
P057,Doctor Consultation,2026-01-21 11:37:00,3
P057,X-Ray,2026-01-21 12:11:00,4
P057,Lab Test,2026-01-21 12:43:00,5
P057,Doctor Review,2026-01-21 13:25:00,6
P057,Pharmacy,2026-01-21 13:47:00,7
P057,Discharge,2026-01-21 14:12:00,8
P058,Registration,2026-01-07 09:35:00,1
P058,Triage,2026-01-07 10:09:00,2
P058,Doctor Consultation,2026-01-07 10:50:00,3
P058,X-Ray,2026-01-07 11:34:00,4
P058,Lab Test,2026-01-07 12:03:00,5
P058,Doctor Review,2026-01-07 12:29:00,6
P058,Pharmacy,2026-01-07 12:35:00,7
P058,Discharge,2026-01-07 13:11:00,8
P059,Registration,2026-01-10 10:02:00,1
P059,Triage,2026-01-10 10:28:00,2
P059,Doctor Consultation,2026-01-10 10:50:00,3
P059,X-Ray,2026-01-10 11:33:00,4
P059,Triage,2026-01-10 11:55:00,5
P059,Lab Test,2026-01-10 12:35:00,6
P059,Doctor Review,2026-01-10 12:40:00,7
P059,Pharmacy,2026-01-10 13:18:00,8
P059,Discharge,2026-01-10 13:35:00,9
P060,Registration,2026-01-12 10:32:00,1
P060,Triage,2026-01-12 10:52:00,2
P060,Doctor Consultation,2026-01-12 11:27:00,3
P060,X-Ray,2026-01-12 12:03:00,4
P060,Lab Test,2026-01-12 12:36:00,5
P060,Doctor Review,2026-01-12 12:42:00,6
P060,Pharmacy,2026-01-12 12:52:00,7
P060,Discharge,2026-01-12 13:15:00,8
P061,Registration,2026-01-17 10:28:00,1
P061,Triage,2026-01-17 10:56:00,2
P061,Doctor Consultation,2026-01-17 11:31:00,3
P061,X-Ray,2026-01-17 12:11:00,4
P061,Triage,2026-01-17 12:49:00,5
P061,Lab Test,2026-01-17 13:16:00,6
P061,Doctor Review,2026-01-17 13:48:00,7
P061,Pharmacy,2026-01-17 14:28:00,8
P061,Discharge,2026-01-17 14:54:00,9
P062,Registration,2026-01-19 09:34:00,1
P062,Triage,2026-01-19 09:51:00,2
P062,Doctor Consultation,2026-01-19 10:16:00,3
P062,X-Ray,2026-01-19 10:28:00,4
P062,Lab Test,2026-01-19 11:07:00,5
P062,Doctor Review,2026-01-19 11:23:00,6
P062,Pharmacy,2026-01-19 11:40:00,7
P062,Discharge,2026-01-19 11:58:00,8
P063,Registration,2026-01-13 10:32:00,1
P063,Triage,2026-01-13 11:15:00,2
P063,Doctor Consultation,2026-01-13 11:38:00,3
P063,X-Ray,2026-01-13 11:49:00,4
P063,Lab Test,2026-01-13 12:06:00,5
P063,Doctor Review,2026-01-13 12:29:00,6
P063,Pharmacy,2026-01-13 12:48:00,7
P063,Discharge,2026-01-13 13:16:00,8
P064,Registration,2026-01-14 09:01:00,1
P064,Triage,2026-01-14 09:08:00,2
P064,Doctor Consultation,2026-01-14 09:16:00,3
P064,X-Ray,2026-01-14 09:56:00,4
P064,Lab Test,2026-01-14 10:19:00,5
P064,Doctor Consultation,2026-01-14 10:32:00,6
P064,Doctor Review,2026-01-14 11:17:00,7
P064,Pharmacy,2026-01-14 11:53:00,8
P064,Discharge,2026-01-14 12:04:00,9
P065,Registration,2026-01-23 09:36:00,1
P065,Triage,2026-01-23 09:52:00,2
P065,Doctor Consultation,2026-01-23 10:00:00,3
P065,X-Ray,2026-01-23 10:21:00,4
P065,Lab Test,2026-01-23 10:56:00,5
P065,Doctor Review,2026-01-23 11:08:00,6
P065,Pharmacy,2026-01-23 11:17:00,7
P065,Discharge,2026-01-23 11:47:00,8
P066,Registration,2026-01-07 10:13:00,1
P066,Triage,2026-01-07 10:27:00,2
P066,Doctor Consultation,2026-01-07 11:08:00,3
P066,X-Ray,2026-01-07 11:32:00,4
P066,Lab Test,2026-01-07 11:42:00,5
P066,Doctor Consultation,2026-01-07 12:02:00,6
P066,Doctor Review,2026-01-07 12:14:00,7
P066,Pharmacy,2026-01-07 12:54:00,8
P066,Discharge,2026-01-07 13:25:00,9
P067,Registration,2026-01-24 10:41:00,1
P067,Triage,2026-01-24 11:10:00,2
P067,Doctor Consultation,2026-01-24 11:43:00,3
P067,X-Ray,2026-01-24 12:16:00,4
P067,Lab Test,2026-01-24 12:40:00,5
P067,Doctor Review,2026-01-24 13:22:00,6
P067,Pharmacy,2026-01-24 13:54:00,7
P067,Discharge,2026-01-24 14:18:00,8
P068,Registration,2026-01-24 09:07:00,1
P068,Triage,2026-01-24 09:25:00,2
P068,Doctor Consultation,2026-01-24 10:10:00,3
P068,X-Ray,2026-01-24 10:28:00,4
P068,Lab Test,2026-01-24 10:49:00,5
P068,Doctor Review,2026-01-24 10:59:00,6
P068,Pharmacy,2026-01-24 11:14:00,7
P068,Discharge,2026-01-24 11:34:00,8
P069,Registration,2026-01-22 09:09:00,1
P069,Triage,2026-01-22 09:52:00,2
P069,Doctor Consultation,2026-01-22 10:27:00,3
P069,X-Ray,2026-01-22 10:50:00,4
P069,Triage,2026-01-22 10:57:00,5
P069,Lab Test,2026-01-22 11:16:00,6
P069,Doctor Review,2026-01-22 11:39:00,7
P069,Pharmacy,2026-01-22 12:02:00,8
P069,Discharge,2026-01-22 12:36:00,9
P070,Registration,2026-01-12 10:58:00,1
P070,Triage,2026-01-12 11:40:00,2
P070,Doctor Consultation,2026-01-12 11:57:00,3
P070,X-Ray,2026-01-12 12:29:00,4
P070,Lab Test,2026-01-12 12:41:00,5
P070,Doctor Review,2026-01-12 13:20:00,6
P070,Pharmacy,2026-01-12 13:39:00,7
P070,Discharge,2026-01-12 13:53:00,8
P071,Registration,2026-01-09 09:09:00,1
P071,Triage,2026-01-09 09:52:00,2
P071,Doctor Consultation,2026-01-09 10:33:00,3
P071,X-Ray,2026-01-09 10:56:00,4
P071,Triage,2026-01-09 11:29:00,5
P071,Lab Test,2026-01-09 11:41:00,6
P071,Doctor Review,2026-01-09 12:15:00,7
P071,Pharmacy,2026-01-09 12:39:00,8
P071,Discharge,2026-01-09 13:09:00,9
P072,Registration,2026-01-21 10:09:00,1
P072,Triage,2026-01-21 10:16:00,2
P072,Doctor Consultation,2026-01-21 10:48:00,3
P072,X-Ray,2026-01-21 11:13:00,4
P072,Lab Test,2026-01-21 11:56:00,5
P072,Doctor Consultation,2026-01-21 12:17:00,6
P072,Doctor Review,2026-01-21 12:23:00,7
P072,Pharmacy,2026-01-21 12:33:00,8
P072,Discharge,2026-01-21 12:52:00,9
P073,Registration,2026-01-23 09:02:00,1
P073,Triage,2026-01-23 09:24:00,2
P073,Doctor Consultation,2026-01-23 10:05:00,3
P073,X-Ray,2026-01-23 10:12:00,4
P073,Lab Test,2026-01-23 10:28:00,5
P073,Doctor Review,2026-01-23 11:03:00,6
P073,Pharmacy,2026-01-23 11:41:00,7
P073,Discharge,2026-01-23 12:14:00,8
P074,Registration,2026-01-10 10:14:00,1
P074,Triage,2026-01-10 10:24:00,2
P074,Doctor Consultation,2026-01-10 10:59:00,3
P074,X-Ray,2026-01-10 11:26:00,4
P074,Lab Test,2026-01-10 11:57:00,5
P074,Doctor Review,2026-01-10 12:23:00,6
P074,Pharmacy,2026-01-10 12:48:00,7
P074,Discharge,2026-01-10 12:59:00,8
P075,Registration,2026-01-15 09:52:00,1
P075,Triage,2026-01-15 10:22:00,2
P075,Doctor Consultation,2026-01-15 11:02:00,3
P075,X-Ray,2026-01-15 11:09:00,4
P075,Lab Test,2026-01-15 11:43:00,5
P075,Doctor Review,2026-01-15 11:53:00,6
P075,Pharmacy,2026-01-15 12:18:00,7
P075,Discharge,2026-01-15 12:39:00,8
P076,Registration,2026-01-08 10:38:00,1
P076,Triage,2026-01-08 10:43:00,2
P076,Doctor Consultation,2026-01-08 11:22:00,3
P076,X-Ray,2026-01-08 11:56:00,4
P076,Lab Test,2026-01-08 12:27:00,5
P076,Doctor Review,2026-01-08 12:35:00,6
P076,Pharmacy,2026-01-08 12:52:00,7
P076,Discharge,2026-01-08 13:30:00,8
P077,Registration,2026-01-24 10:36:00,1
P077,Triage,2026-01-24 10:44:00,2
P077,Doctor Consultation,2026-01-24 11:02:00,3
P077,X-Ray,2026-01-24 11:24:00,4
P077,Lab Test,2026-01-24 12:04:00,5
P077,Doctor Review,2026-01-24 12:17:00,6
P077,Pharmacy,2026-01-24 12:40:00,7
P077,Discharge,2026-01-24 13:13:00,8
P078,Registration,2026-01-08 09:03:00,1
P078,Triage,2026-01-08 09:23:00,2
P078,Doctor Consultation,2026-01-08 09:38:00,3
P078,X-Ray,2026-01-08 10:02:00,4
P078,Lab Test,2026-01-08 10:42:00,5
P078,Doctor Review,2026-01-08 10:47:00,6
P078,Pharmacy,2026-01-08 11:27:00,7
P078,Discharge,2026-01-08 11:58:00,8
P079,Registration,2026-01-12 10:47:00,1
P079,Triage,2026-01-12 10:59:00,2
P079,Doctor Consultation,2026-01-12 11:13:00,3
P079,X-Ray,2026-01-12 11:49:00,4
P079,Lab Test,2026-01-12 12:12:00,5
P079,Doctor Review,2026-01-12 12:49:00,6
P079,Pharmacy,2026-01-12 13:11:00,7
P079,Discharge,2026-01-12 13:42:00,8
P080,Registration,2026-01-20 09:31:00,1
P080,Triage,2026-01-20 09:48:00,2
P080,Doctor Consultation,2026-01-20 10:31:00,3
P080,X-Ray,2026-01-20 11:08:00,4
P080,Lab Test,2026-01-20 11:21:00,5
P080,Doctor Consultation,2026-01-20 11:30:00,6
P080,Doctor Review,2026-01-20 11:52:00,7
P080,Pharmacy,2026-01-20 12:23:00,8
P080,Discharge,2026-01-20 12:49:00,9
P081,Registration,2026-01-13 10:45:00,1
P081,Triage,2026-01-13 11:27:00,2
P081,Doctor Consultation,2026-01-13 12:09:00,3
P081,X-Ray,2026-01-13 12:45:00,4
P081,Triage,2026-01-13 12:59:00,5
P081,Lab Test,2026-01-13 13:32:00,6
P081,Doctor Review,2026-01-13 14:11:00,7
P081,Pharmacy,2026-01-13 14:46:00,8
P081,Discharge,2026-01-13 15:13:00,9
P082,Registration,2026-01-22 10:37:00,1
P082,Triage,2026-01-22 11:02:00,2
P082,Doctor Consultation,2026-01-22 11:19:00,3
P082,X-Ray,2026-01-22 11:39:00,4
P082,Lab Test,2026-01-22 12:20:00,5
P082,Doctor Review,2026-01-22 12:49:00,6
P082,Pharmacy,2026-01-22 13:08:00,7
P082,Discharge,2026-01-22 13:39:00,8
P083,Registration,2026-01-15 10:35:00,1
P083,Triage,2026-01-15 11:04:00,2
P083,Doctor Consultation,2026-01-15 11:33:00,3
P083,X-Ray,2026-01-15 11:47:00,4
P083,Lab Test,2026-01-15 12:23:00,5
P083,Doctor Review,2026-01-15 12:30:00,6
P083,Pharmacy,2026-01-15 12:43:00,7
P083,Discharge,2026-01-15 13:20:00,8
P084,Registration,2026-01-15 10:51:00,1
P084,Triage,2026-01-15 11:02:00,2
P084,Doctor Consultation,2026-01-15 11:40:00,3
P084,X-Ray,2026-01-15 12:14:00,4
P084,Triage,2026-01-15 12:19:00,5
P084,Lab Test,2026-01-15 12:33:00,6
P084,Doctor Review,2026-01-15 13:04:00,7
P084,Pharmacy,2026-01-15 13:18:00,8
P084,Discharge,2026-01-15 13:27:00,9
P085,Registration,2026-01-13 09:43:00,1
P085,Triage,2026-01-13 09:53:00,2
P085,Doctor Consultation,2026-01-13 10:19:00,3
P085,X-Ray,2026-01-13 10:58:00,4
P085,Lab Test,2026-01-13 11:27:00,5
P085,Doctor Review,2026-01-13 11:52:00,6
P085,Pharmacy,2026-01-13 12:37:00,7
P085,Discharge,2026-01-13 13:13:00,8
P086,Registration,2026-01-06 10:19:00,1
P086,Triage,2026-01-06 10:42:00,2
P086,Doctor Consultation,2026-01-06 11:01:00,3
P086,X-Ray,2026-01-06 11:11:00,4
P086,Triage,2026-01-06 11:43:00,5
P086,Lab Test,2026-01-06 11:54:00,6
P086,Doctor Review,2026-01-06 12:39:00,7
P086,Pharmacy,2026-01-06 12:50:00,8
P086,Discharge,2026-01-06 13:23:00,9
P087,Registration,2026-01-14 10:55:00,1
P087,Triage,2026-01-14 11:03:00,2
P087,Doctor Consultation,2026-01-14 11:26:00,3
P087,X-Ray,2026-01-14 11:53:00,4
P087,Triage,2026-01-14 12:21:00,5
P087,Lab Test,2026-01-14 12:53:00,6
P087,Doctor Review,2026-01-14 13:07:00,7
P087,Pharmacy,2026-01-14 13:27:00,8
P087,Discharge,2026-01-14 14:05:00,9
P088,Registration,2026-01-23 10:27:00,1
P088,Triage,2026-01-23 10:37:00,2
P088,Doctor Consultation,2026-01-23 11:21:00,3
P088,X-Ray,2026-01-23 11:50:00,4
P088,Lab Test,2026-01-23 12:34:00,5
P088,Doctor Consultation,2026-01-23 12:54:00,6
P088,Doctor Review,2026-01-23 13:30:00,7
P088,Pharmacy,2026-01-23 14:12:00,8
P088,Discharge,2026-01-23 14:26:00,9
P089,Registration,2026-01-19 10:21:00,1
P089,Triage,2026-01-19 10:26:00,2
P089,Doctor Consultation,2026-01-19 11:00:00,3
P089,X-Ray,2026-01-19 11:23:00,4
P089,Lab Test,2026-01-19 12:02:00,5
P089,Doctor Review,2026-01-19 12:17:00,6
P089,Pharmacy,2026-01-19 12:26:00,7
P089,Discharge,2026-01-19 12:59:00,8
P090,Registration,2026-01-23 09:38:00,1
P090,Triage,2026-01-23 09:59:00,2
P090,Doctor Consultation,2026-01-23 10:33:00,3
P090,X-Ray,2026-01-23 10:57:00,4
P090,Lab Test,2026-01-23 11:14:00,5
P090,Doctor Review,2026-01-23 11:43:00,6
P090,Pharmacy,2026-01-23 12:18:00,7
P090,Discharge,2026-01-23 12:29:00,8
P091,Registration,2026-01-17 10:13:00,1
P091,Triage,2026-01-17 10:36:00,2
P091,Doctor Consultation,2026-01-17 10:42:00,3
P091,X-Ray,2026-01-17 11:12:00,4
P091,Lab Test,2026-01-17 11:34:00,5
P091,Doctor Review,2026-01-17 11:39:00,6
P091,Pharmacy,2026-01-17 12:20:00,7
P091,Discharge,2026-01-17 12:28:00,8
P092,Registration,2026-01-20 10:46:00,1
P092,Triage,2026-01-20 11:05:00,2
P092,Doctor Consultation,2026-01-20 11:48:00,3
P092,X-Ray,2026-01-20 12:15:00,4
P092,Lab Test,2026-01-20 12:34:00,5
P092,Doctor Review,2026-01-20 13:19:00,6
P092,Pharmacy,2026-01-20 13:36:00,7
P092,Discharge,2026-01-20 14:20:00,8
P093,Registration,2026-01-09 10:20:00,1
P093,Triage,2026-01-09 10:27:00,2
P093,Doctor Consultation,2026-01-09 10:51:00,3
P093,X-Ray,2026-01-09 11:24:00,4
P093,Triage,2026-01-09 11:31:00,5
P093,Lab Test,2026-01-09 12:13:00,6
P093,Doctor Review,2026-01-09 12:41:00,7
P093,Pharmacy,2026-01-09 12:54:00,8
P093,Discharge,2026-01-09 13:04:00,9
P094,Registration,2026-01-15 10:35:00,1
P094,Triage,2026-01-15 11:14:00,2
P094,Doctor Consultation,2026-01-15 11:42:00,3
P094,X-Ray,2026-01-15 12:20:00,4
P094,Lab Test,2026-01-15 12:57:00,5
P094,Doctor Review,2026-01-15 13:19:00,6
P094,Pharmacy,2026-01-15 13:34:00,7
P094,Discharge,2026-01-15 13:55:00,8
P095,Registration,2026-01-14 10:35:00,1
P095,Triage,2026-01-14 11:09:00,2
P095,Doctor Consultation,2026-01-14 11:18:00,3
P095,X-Ray,2026-01-14 11:32:00,4
P095,Lab Test,2026-01-14 11:51:00,5
P095,Doctor Review,2026-01-14 12:21:00,6
P095,Pharmacy,2026-01-14 13:01:00,7
P095,Discharge,2026-01-14 13:29:00,8
P096,Registration,2026-01-17 09:01:00,1
P096,Triage,2026-01-17 09:29:00,2
P096,Doctor Consultation,2026-01-17 09:50:00,3
P096,X-Ray,2026-01-17 10:32:00,4
P096,Lab Test,2026-01-17 11:01:00,5
P096,Doctor Consultation,2026-01-17 11:46:00,6
P096,Doctor Review,2026-01-17 12:14:00,7
P096,Pharmacy,2026-01-17 12:25:00,8
P096,Discharge,2026-01-17 12:44:00,9
P097,Registration,2026-01-05 10:19:00,1
P097,Triage,2026-01-05 11:03:00,2
P097,Doctor Consultation,2026-01-05 11:22:00,3
P097,X-Ray,2026-01-05 11:31:00,4
P097,Lab Test,2026-01-05 12:16:00,5
P097,Doctor Review,2026-01-05 12:50:00,6
P097,Pharmacy,2026-01-05 13:14:00,7
P097,Discharge,2026-01-05 13:45:00,8
P098,Registration,2026-01-09 09:05:00,1
P098,Triage,2026-01-09 09:41:00,2
P098,Doctor Consultation,2026-01-09 09:53:00,3
P098,X-Ray,2026-01-09 10:04:00,4
P098,Lab Test,2026-01-09 10:24:00,5
P098,Doctor Review,2026-01-09 11:03:00,6
P098,Pharmacy,2026-01-09 11:16:00,7
P098,Discharge,2026-01-09 11:45:00,8
P099,Registration,2026-01-16 10:25:00,1
P099,Triage,2026-01-16 11:04:00,2
P099,Doctor Consultation,2026-01-16 11:35:00,3
P099,X-Ray,2026-01-16 12:17:00,4
P099,Lab Test,2026-01-16 12:31:00,5
P099,Doctor Review,2026-01-16 13:02:00,6
P099,Pharmacy,2026-01-16 13:13:00,7
P099,Discharge,2026-01-16 13:49:00,8
P100,Registration,2026-01-18 11:00:00,1
P100,Triage,2026-01-18 11:28:00,2
P100,Doctor Consultation,2026-01-18 11:46:00,3
P100,X-Ray,2026-01-18 12:19:00,4
P100,Lab Test,2026-01-18 12:52:00,5
P100,Doctor Consultation,2026-01-18 13:12:00,6
P100,Doctor Review,2026-01-18 13:40:00,7
P100,Pharmacy,2026-01-18 13:51:00,8
P100,Discharge,2026-01-18 14:19:00,9
